<?xml version="1.0" encoding="UTF-8" ?>
<!DOCTYPE mapper PUBLIC "-//mybatis.org//DTD Mapper 3.0//EN"
        "http://mybatis.org/dtd/mybatis-3-mapper.dtd">

<mapper namespace="com.ssafy.happyhouse.repo.APTRepo">

	<select id="getSido" resultType="APTSidoGugun">
		select left(sidoCode, 2) sidoCode, sidoName
		from sidocode
		order by sidoCode
	</select>

	<select id="getGugunInSido" parameterType="string" resultType="APTSidoGugun">
		select left(gugunCode,5) gugunCode, gugunName
		from guguncode
		where left(gugunCode,2) = #{sido}
		order by gugunCode
	</select>
	
	<select id="getDongInGugun" parameterType="string" resultType="Map">
		select distinct dong, dongCode
		from houseinfo
		where left(dongCode, 5) = #{gugun}
		order by dong
	</select>

	<select id="getAptInDong" parameterType="string" resultType="APT">
		select h.aptCode, h.apartmentName as aptName, h.buildyear as date, h.dongCode, h.dong as dongName, h.jibun, h.lat, h.lng, si.sidoname as sidoName, gu.gugunname as gugunName,
				(select dealAmount from housedeal where aptCode = h.aptCode and no = (select max(no) from housedeal where aptCode = h.aptCode)) dealAmount,
				(select area from housedeal where aptCode = h.aptCode and no = (select max(no) from housedeal where aptCode = h.aptCode)) area
		from houseinfo h
			left join sidocode si
		on left(h.dongcode,2) = left(si.sidocode,2)
			left join guguncode gu
			on left(h.dongcode,5) = left(gu.guguncode,5)
		where h.dongCode = #{dong}
		order by h.apartmentName
	</select>


	<select id="dongLocation" parameterType="string" resultType="BaseAddress">
		SELECT lat,lng
		FROM baseaddress
		WHERE code like concat(#{dong},'%')
			limit 1
	</select>

	<insert id="insertInterestApt" parameterType="InterestApt">
		insert into interestApt(userid, aptCode) values (#{userid}, #{aptCode})
	</insert>

	<select id="getAptListByInterest" parameterType="string" resultType="APT">
		select h.aptCode, h.apartmentName as aptName, h.buildyear as date, h.dongCode, h.dong as dongName, h.jibun, h.lat, h.lng, si.sidoname as sidoName, gu.gugunname as gugunName,
				(select dealAmount from housedeal where aptCode = h.aptCode and no = (select max(no) from housedeal where aptCode = h.aptCode)) dealAmount,
				(select area from housedeal where aptCode = h.aptCode and no = (select max(no) from housedeal where aptCode = h.aptCode)) area
		from houseinfo h
			left join sidocode si
		on left(h.dongcode,2) = left(si.sidocode,2)
			left join guguncode gu
			on left(h.dongcode,5) = left(gu.guguncode,5)
		where h.aptCode in (select aptCode from interestapt where userid = #{userid})
		order by h.apartmentName
	</select>

	<select id="getInterestApt" parameterType="string" resultType="InterestApt">
		select * from interestApt where userid = #{userid}
	</select>

	<delete id="deleteInterestApt" parameterType="Map">
		delete from interestApt where aptCode = #{aptCode} and userid = #{userid}
	</delete>

	<select id="top5Apt" resultType="APT">
		select h.aptCode, h.apartmentName as aptName, h.buildyear as date, h.dongCode, h.dong as dongName, h.jibun, h.lat, h.lng, si.sidoname as sidoName, gu.gugunname as gugunName,
				(select dealAmount from housedeal where aptCode = h.aptCode and no = (select max(no) from housedeal where aptCode = h.aptCode)) dealAmount,
				(select area from housedeal where aptCode = h.aptCode and no = (select max(no) from housedeal where aptCode = h.aptCode)) area,
                (select count(*) from interestapt where aptCode = h.aptCode group by aptCode) interestCount
		from houseinfo h
			left join sidocode si
		on left(h.dongcode,2) = left(si.sidocode,2)
			left join guguncode gu
			on left(h.dongcode,5) = left(gu.guguncode,5)
		where h.aptCode in (select aptCode from interestapt group by aptCode order by count(*))
		order by interestCount desc
		limit 5;
	</select>

	<select id="avgByDong" parameterType="string" resultType="AvgByDong">
		select h.dong,avg(cast(replace(d.dealAmount,',','') as unsigned)/cast(d.area as unsigned) * 3.30579) as avg
		from houseinfo h
			left join housedeal d
		on h.aptCode = d.aptCode
		where left(h.sigunguCode,5) = #{sigugun}
		group by h.dong
	</select>
	<!--
    <select id="selectAll" parameterType="string" resultType="APT">
        select i.aptName, d.dealAmount, d.area,concat(d.dealYear, '.', d.dealMonth, '.', d.dealDay) date, i.lat, i.lng
        FROM houseinfo i join housedeal d
        ON i.aptCode = d.aptCode
        WHERE i.dongcode like concat(#{dong},'%')
        GROUP BY i.aptName
    </select>

    <select id="dongLocation" parameterType="string" resultType="BaseAddress">
        SELECT lat,lng
        FROM baseaddress
        WHERE dongCode like concat(#{dong},'%')
        limit 1
    </select>
    
    <select id="selectByPricePerArea" parameterType="string" resultType="APT">
        select i.aptName, d.dealAmount, d.area,concat(d.dealYear, '.', d.dealMonth, '.', d.dealDay) date, i.lat, i.lng
        FROM houseinfo i join housedeal d
        ON i.aptCode = d.aptCode
        WHERE i.dongcode like concat(#{dong},'%')
        GROUP BY i.aptName
        order By d.dealAmount/d.area
        limit 10;
    </select>
     -->
     
</mapper>